model,accuracy,f1_score
random_forest,0.6745136186770428,0.5767771312926891
logistic_regression,0.6717898832684824,0.5614764751754614
