model,accuracy,f1_score
random_forest,0.6745136186770428,0.5767771312926891
logistic_regression,0.6717898832684824,0.5614764751754614
hist_gradient_boosting,0.6782101167315175,0.5551371705217859
